{
    "MAE": 0.07142021851397548,
    "RMSE": 0.10000703751250271,
    "R2": 0.7995842850498869
}